Statement,Rating,Category
I'm so sorry you're going through this.,1,Understanding and Validation
"You're overreacting, it's not a big deal.",0,Understanding and Validation
"I'm here for you, no matter what.",1,Supportiveness
You need to toughen up and deal with it.,0,Supportiveness
Let's work together to find a solution.,1,Constructiveness
"You're on your own with this one, good luck.",0,Constructiveness
"Take a deep breath, everything will be okay.",1,Calmness and Reassurance
"You're freaking out over nothing, calm down.",0,Calmness and Reassurance
"That sounds really tough, I'm here to listen.",1,Understanding and Validation
"You're just being dramatic, it's not that bad.",0,Understanding and Validation
"I'm here to support you, not judge you.",1,Supportiveness
"You're an adult, figure it out yourself.",0,Supportiveness
We can find a way to solve this problem together.,1,Constructiveness
"You're not my problem, deal with it yourself.",0,Constructiveness
"Remember, you're strong and capable, you got this.",1,Calmness and Reassurance
"Calm down, it's not the end of the world.",0,Calmness and Reassurance
"I can imagine how you feel, that sounds really hard.",1,Understanding and Validation
"You're just being paranoid, it's all in your head.",0,Understanding and Validation
"I'm here to help you, not fix your problems.",1,Supportiveness
You need to learn to deal with things on your own.,0,Supportiveness
Let's break this down and find a solution step by step.,1,Constructiveness
"You're not even trying to solve this yourself, pathetic.",0,Constructiveness
"Take a step back, breathe, and let's look at this again.",1,Calmness and Reassurance
"You're so sensitive, it's just a joke.",0,Calmness and Reassurance
"I'm here to listen and support you, always.",1,Understanding and Validation
"You're just being a victim, stop feeling sorry for yourself.",0,Understanding and Validation
"We're in this together, I've got your back.",1,Supportiveness
"You're on your own, don't come crying to me.",0,Supportiveness
"Let's find a way to make this work, together.",1,Constructiveness
"You're not even trying, you're just giving up.",0,Constructiveness
"Remember, you're safe, and I'm here to support you.",1,Calmness and Reassurance
"You're overreacting, calm down and get over it.",0,Calmness and Reassurance
I can totally understand why you're feeling that way.,1,Understanding and Validation
"You're just being ridiculous, get over yourself.",0,Understanding and Validation
"I'm here to support you, through the good and the bad.",1,Supportiveness
You need to learn to deal with your own problems.,0,Supportiveness
Let's work together to find a solution that works for both of us.,1,Constructiveness
"You're not even trying to find a solution, you just want to complain.",0,Constructiveness
"Take a deep breath and remember, you're strong and capable.",1,Calmness and Reassurance
"You're just being dramatic, it's not that serious.",0,Calmness and Reassurance
"That makes sense to me, and I'm here to listen.",1,Understanding and Validation
"You're just making excuses, stop feeling sorry for yourself.",0,Understanding and Validation
"We're a team, and we can get through this together.",1,Supportiveness
"You're not even trying to work with me, you just want to argue.",0,Supportiveness
Let's break this down and find a way to solve it together.,1,Constructiveness
"You're not even listening, you just want to do things your own way.",0,Constructiveness
"Remember, you're not alone, and I'm here to support you.",1,Calmness and Reassurance
"You're just being selfish, think about someone else for once.",0,Calmness and Reassurance
I think I can help you find a way to feel better about this.,1,Understanding and Validation
"You're just being a baby, stop crying and deal with it.",0,Understanding and Validation
"I'm here to help you find a solution, not just listen to you complain.",1,Supportiveness
You need to get over yourself and move on.,0,Supportiveness
"Let's work together to find a solution, we can do this.",1,Constructiveness
"I hear what you're saying, and it's completely valid to feel that way.",1,Understanding and Validation
I don't see why this is such a big deal to you.,0,Understanding and Validation
"I know it's tough, but I believe in you and we'll figure this out together.",1,Supportiveness
Stop complaining and just get on with it already.,0,Supportiveness
"It's okay to feel overwhelmed, let's take it one step at a time.",1,Calmness and Reassurance
You always overreact to everything!,0,Calmness and Reassurance
"We both want the best outcome, let’s discuss this and see what we agree on.",1,Constructiveness
"You're not making any sense, just stop talking.",0,Constructiveness
"We all have our struggles, but I'm here to help you with yours.",1,Supportiveness
You always find something to be upset about.,0,Supportiveness
"I understand your concerns, let's explore what we can do about them.",1,Constructiveness
"Just fix it yourself, I don't have time for this.",0,Constructiveness
"You're stronger than you think, and I'll help you see that.",1,Calmness and Reassurance
Drama much? Just chill out.,0,Calmness and Reassurance
"I get why this upsets you, let's talk about it.",1,Understanding and Validation
"You're blowing this out of proportion, as usual.",0,Understanding and Validation
"Together, we can overcome this challenge. I'm with you all the way.",1,Supportiveness
Why can't you handle this on your own?,0,Supportiveness
Let's take a moment to sort through the details and find a path forward.,1,Constructiveness
You never want to solve anything; you just want to argue.,0,Constructiveness
"It's perfectly okay to be upset, let's figure out what steps to take next.",1,Calmness and Reassurance
Can you stop being so sensitive all the time?,0,Calmness and Reassurance
Your feelings are important; let's make sure we address them.,1,Understanding and Validation
I don't have time to deal with every little problem you have.,0,Understanding and Validation
"You're not alone in this, I'm here to help every step of the way.",1,Supportiveness
Just get over it and stop bothering everyone.,0,Supportiveness
"Sometimes things get tough, but remember, I'm here to support you.",1,Calmness and Reassurance
"Life's hard for everyone, stop acting like you're the only one affected.",0,Calmness and Reassurance
Let's identify the root of the problem and tackle it together.,1,Constructiveness
"If you can't handle this, how will you handle real problems?",0,Constructiveness
I value your perspective; let's find a solution that respects your needs.,1,Constructiveness
Why do you always have to make things so complicated?,0,Constructiveness
Your strength in facing these challenges inspires me; let's keep pushing forward.,1,Supportiveness
You're always looking for sympathy instead of solutions.,0,Supportiveness
I'm genuinely interested in understanding your viewpoint better.,1,Understanding and Validation
Just stop talking about your problems and do something.,0,Understanding and Validation
Every challenge is a chance to grow. What can we learn from this?,1,Calmness and Reassurance
Others have it much worse; you're making a mountain out of a molehill.,0,Calmness and Reassurance
"Let’s stay positive and focus on the solutions, not just the problems.",1,Constructiveness
Your constant negativity is draining; can't you be positive for once?,0,Constructiveness
"It’s normal to feel this way sometimes, but I know you’ve got the strength to overcome it.",1,Calmness and Reassurance
Can you just not be so emotional all the time?,0,Calmness and Reassurance
Thank you for sharing that with me; how can I support you right now?,1,Understanding and Validation
Stop seeking attention and handle things like an adult.,0,Understanding and Validation
"Take a step back, everything will be okay.",1,Calmness and Reassurance
"You're being too hard on yourself, relax.",1,Calmness and Reassurance
"It's not the end of the world, we'll get through this.",1,Calmness and Reassurance
"Calm down, you're overthinking it.",0,Calmness and Reassurance
"Remember to breathe, everything will work out.",1,Calmness and Reassurance
I can see why you'd feel that way.,1,Understanding and Validation
"That makes sense, I understand your perspective.",1,Understanding and Validation
You have every right to feel that way.,1,Understanding and Validation
You're just being too sensitive.,0,Understanding and Validation
I'm here to listen and understand.,1,Understanding and Validation
"I'm here to support you, no matter what.",1,Supportiveness
"You're not alone, we'll face this together.",1,Supportiveness
I'm here to help you through this tough time.,1,Supportiveness
Let's find a solution that works for everyone.,1,Constructiveness
We can work together to find a better way.,1,Constructiveness
I think I can help you find a solution.,1,Constructiveness
You're not even trying to find a solution.,0,Constructiveness
Let's break this down and find a way forward.,1,Constructiveness
"There's no need to worry, everything will be fine.",1,Calmness and Reassurance
"You're being too critical, try to be more positive.",0,Calmness and Reassurance
Let's take a break and come back to this later.,1,Calmness and Reassurance
"You're just being paranoid, it's not that bad.",0,Calmness and Reassurance
"I'm here to support you, and I care about your feelings.",1,Understanding and Validation
"You're not listening to me, you just want to win the argument.",0,Understanding and Validation
"We can work through this together, I'm here to help.",1,Supportiveness
You're not even trying to understand my perspective.,0,Supportiveness
Let's find a compromise that works for both of us.,1,Constructiveness
"You're being too stubborn, try to be more open-minded.",0,Constructiveness
"I see where you're coming from, and your feelings are completely justified.",1,Understanding and Validation
It's not that big of a deal. Just move on.,0,Understanding and Validation
"Whatever you need, I'm here for you. We'll solve this together.",1,Supportiveness
You're overthinking this. Just let it go.,0,Supportiveness
"Let's pause, breathe, and tackle this one step at a time. I'm with you.",1,Calmness and Reassurance
This is nothing to worry about. You're exaggerating.,0,Calmness and Reassurance
We can brainstorm some options together to find a good solution.,1,Constructiveness
You're just looking for problems. Just deal with it.,0,Constructiveness
I appreciate your honesty and openness. Let’s figure this out.,1,Understanding and Validation
Why can’t you just be happy? Stop complaining.,0,Understanding and Validation
I admire your courage in facing this; let’s work on it side by side.,1,Supportiveness
Everyone has issues. Why should yours be prioritized?,0,Supportiveness
We'll take it slowly and make sure we understand each other’s views.,1,Constructiveness
Can’t you just handle this on your own for once?,0,Constructiveness
Your resilience is inspiring. How can I help you keep moving forward?,1,Calmness and Reassurance
Just stop being dramatic about every little thing.,0,Calmness and Reassurance
I'm all ears. Tell me more about what’s going on.,1,Understanding and Validation
You're always so negative. Try to see the good for once.,0,Understanding and Validation
We make a great team when we work together on challenges like this.,1,Supportiveness
You should have sorted this out by now. It’s simple.,0,Supportiveness
Let’s take this challenge as a learning opportunity and grow from it.,1,Constructiveness
You always complicate things unnecessarily.,0,Constructiveness
"Facing this might be tough, but I know you’re capable, and I’m here to help.",1,Calmness and Reassurance
"Life isn’t always easy, so just get used to it.",0,Calmness and Reassurance
Understanding each other can help us find a better path forward.,1,Constructiveness
This isn’t worth discussing. It’s trivial.,0,Constructiveness
I can see this is really upsetting you; let's talk about it more.,1,Emotional Awareness
Your sadness is understandable; how can I support you right now?,1,Emotional Support
Stop being so sensitive. It's not that serious.,0,Emotional Minimization
It must be hard feeling this anxious; I'm here whenever you need to talk.,1,Emotional Support
Why do you have to be so emotional all the time?,0,Emotional Minimization
I'm really proud of how you handled that situation. It shows a lot of growth.,1,Positive Reinforcement
Can you just not be angry all the time? It's exhausting.,0,Emotional Minimization
Seeing you so happy makes me happy too! What made your day so special?,1,Positive Engagement
Crying over this is pointless. Just move on.,0,Emotional Dismissal
Your fear is completely valid. Let’s figure out a way to address it together.,1,Emotional Support
Just because you're upset doesn't mean you can act like this.,0,Emotional Criticism
It’s okay to feel overwhelmed. What can I do to help us both feel better?,1,Emotional Support
You shouldn’t let things get to you so much.,0,Emotional Dismissal
I’m here to help you through your frustration. What’s the main issue?,1,Problem Solving
You're overreacting; everyone deals with stress.,0,Emotional Minimization
Your enthusiasm is contagious! Tell me more about what’s exciting you.,1,Positive Engagement
Being this sad over it isn't going to help you or anyone else.,0,Emotional Criticism
It’s natural to feel scared about this. Let’s talk through what scares you.,1,Emotional Understanding
"Just calm down already, it’s not the end of the world.",0,Emotional Minimization
Your joy in achieving this is well-deserved. Celebrate your hard work!,1,Positive Reinforcement
You’re always so gloomy. Lighten up a bit.,0,Emotional Dismissal
"Feeling angry is normal in this situation, but let’s find a healthy way to express it.",1,Constructive Feedback
Stop sulking and get over it already.,0,Emotional Dismissal
I understand why you’d feel betrayed. Let’s figure out the next steps together.,1,Emotional Understanding
"Everyone gets disappointed, but you dwell on it too much.",0,Emotional Criticism
Your excitement about this project really motivates me too!,1,Positive Reinforcement
"You're overreacting calm down and get over it.""",0,Calmness and Reassurance
"You're being ridiculous, get over yourself.",0,Understanding and Validation
"I'm so frustrated with you, just calm down and get over it.",0,Calmness and Reassurance
"I totally get why you're feeling that way, it makes sense.",1,Understanding and Validation
"You're being ridiculous, get over yourself and stop being so sensitive.",0,Understanding and Validation
"I'm here to support you, through the good and the bad, no matter what.",1,Supportiveness
"You need to learn to deal with your own problems, stop whining.",0,Supportiveness
"Let's work together to find a solution that works for both of us, we can do this.",1,Constructiveness
"You're not even trying to find a solution, you just want to complain and be negative.",0,Constructiveness
"Take a deep breath and remember, you're strong and capable, don't give up.",1,Calmness and Reassurance
"You're just being dramatic, it's not that serious, stop overreacting.",0,Calmness and Reassurance
"That makes sense to me, and I'm here to listen, I care about your feelings.",1,Understanding and Validation
"You're just making excuses, stop feeling sorry for yourself and take responsibility.",0,Understanding and Validation
"We're a team, and we can get through this together, we've got this.",1,Supportiveness
"You're not even trying to work with me, you just want to argue and win.",0,Supportiveness
"Let's break this down and find a way to solve it together, we can figure it out.",1,Constructiveness
"You're not even listening, you just want to do things your own way, that's not how it works.",0,Constructiveness
"You're so annoying, just leave me alone.",0,Calmness and Reassurance
"I'm here for you, no matter what, we'll get through this together.",1,Supportiveness
"You're being really selfish, think about someone else for once.",0,Calmness and Reassurance
"I understand why you're upset, let's talk about it.",1,Understanding and Validation
"You're not even trying, just give up already.",0,Supportiveness
"Let's find a solution that works for everyone, we can do this.",1,Constructiveness
"You're being really dramatic, it's not that serious.",0,Calmness and Reassurance
"I'm here to listen and support you, we're in this together.",1,Supportiveness
"Remember, we're a team, and we can get through this together.",1,Supportiveness
"You're being really stubborn, try to be more open-minded.",0,Constructiveness
"Let's take a break and come back to this later, we can figure it out.",1,Calmness and Reassurance
"You're not even trying to understand my perspective, that's not fair.",0,Understanding and Validation
"You're being really critical, try to be more positive.",0,Calmness and Reassurance
"Let's find a compromise that works for both of us, we can do this.",1,Constructiveness
"Remember, you're strong and capable, don't give up.",1,Calmness and Reassurance
"You're being really paranoid, it's not that bad.",0,Calmness and Reassurance
"We can get through this together, we're a team.",1,Supportiveness
"You're being really negative, try to be more optimistic.",0,Calmness and Reassurance
I sense your disappointment; it's okay to feel this way. How can we improve the situation?,1,Emotional Support
"Everyone gets angry, but you need to get over it quickly.",0,Emotional Dismissal
Your excitement is really infectious! What sparked it today?,1,Positive Engagement
There's no reason to be so upset about this. It's minor.,0,Emotional Minimization
It’s clear you’re feeling stressed; let’s take a break and come back refreshed.,1,Stress Management
Why do you have to make everything so dramatic? It’s not a big deal.,0,Emotional Criticism
Seeing you so joyful makes my day better too! What's been the best part?,1,Positive Engagement
Just stop worrying so much; it doesn't help anything.,0,Worry Dismissal
I'm touched by your concern. Let's figure out how we can tackle this concern together.,1,Emotional Cooperation
You're just being paranoid; it's not as bad as you think.,0,Paranoia Dismissal
Your sorrow is palpable. I’m here to listen whenever you're ready to talk.,1,Emotional Support
Quit being sad and start doing something productive.,0,Emotional Dismissal
Your fear is understandable. What steps can we take to feel safer?,1,Fear Management
It’s just a small setback; don’t be so discouraged.,0,Encouragement Minimization
I appreciate your enthusiasm; it really lifts everyone’s spirits! How did you get so inspired?,1,Positive Reinforcement
You’re just being lazy and using your mood as an excuse.,0,Accusation of Laziness
"Feeling anxious is natural here, but I’m confident we can work through it together.",1,Anxiety Support
Just handle it. Everyone else manages their stress fine.,0,Stress Dismissal
You seem very serene today; it’s calming to be around you. What’s your secret?,1,Calmness Appreciation
Emotions aren’t an excuse to slack off at work.,0,Emotional Criticism
Your resilience in face of adversity is inspiring. How do you keep pushing forward?,1,Resilience Recognition
Stop fussing over nothing and get to work.,0,Minimization of Concerns
I’m glad to see you so cheerful! What’s been going well for you lately?,1,Cheerfulness Engagement
Don’t be so sensitive. You need to toughen up.,0,Sensitivity Dismissal
Your calm approach to problems is really effective. How do you maintain your composure?,1,Composure Praise
Can’t you just deal with this and move on? Everyone has issues.,0,Dismissal of Issues
"We can find a solution that works for everyone, let's collaborate.",1,Constructiveness
"I'm here to support you, and help you find a way forward.",1,Supportiveness
"Let's break this down and find a way to solve it together, we can do this.",1,Constructiveness
"You're not alone, I'm here to support you through this tough time.",1,Supportiveness
"We can work through this together, let's find a compromise.",1,Constructiveness
"I believe in you, and know you can get through this.",1,Supportiveness
"Let's take a step back and find a new approach, we can figure it out.",1,Constructiveness
"You're doing the best you can, and that's something to be proud of.",1,Supportiveness
"We can learn from this and grow together, let's move forward.",1,Constructiveness
"I'm here to listen and offer support, we're in this together.",1,Supportiveness
"Let's find a way to make this work, we can do it.",1,Constructiveness
"You're strong and capable, and I'm here to support you.",1,Supportiveness
"We can get through this together, one step at a time.",1,Constructiveness
"I care about your well-being, and want to help you through this.",1,Supportiveness
"You're not alone, and we'll get through this together.",1,Supportiveness
"We can find a way to make this better, let's collaborate.",1,Constructiveness
We can build on this idea and make it even better.,1,Constructiveness
"I'm here to support you, and help you achieve your goals.",1,Supportiveness
"You're doing your best, and that's something to be proud of.",1,Supportiveness
"I believe in you, and know you can overcome this challenge.",1,Supportiveness
"We can work together to find a solution, we can do this.",1,Constructiveness
"Let's find a way to make this better, we can do it.",1,Constructiveness
We can build a plan and work together to achieve it.,1,Constructiveness
"You're doing great, keep up the good work.",1,Supportiveness
"Let's find a way to overcome this obstacle, we can do it.",1,Constructiveness
"I'm here to help you, and support you through this tough time.",1,Supportiveness
"We can work together to find a solution, we're a team.",1,Constructiveness
"You're capable and strong, and I believe in you.",1,Supportiveness
Let's outline the steps we can take together to address this challenge.,1,Constructiveness
I don't see why you need help with this; you should be able to do it alone.,0,Constructiveness
I'm impressed by your approach. Let's build on your ideas to enhance the project.,1,Constructiveness
Just figure it out yourself; it's not that hard.,0,Constructiveness
We can review this together and ensure we’re on the right track. What’s your next availability?,1,Constructiveness
Why can't you just solve this faster? Everyone is waiting.,0,Constructiveness
Your initiative on this task was excellent. How can we further refine your process for next time?,1,Constructiveness
This is a waste of time; you're making it more complicated than it needs to be.,0,Constructiveness
I appreciate your willingness to revisit this issue. Let’s analyze it more deeply together.,1,Constructiveness
You should have figured this out by now; it's not my problem.,0,Constructiveness
Your idea has potential. Let’s explore what resources we’d need to implement it.,1,Constructiveness
Stop asking so many questions and get it done.,0,Constructiveness
I know this is important to you. Let’s schedule some time to work on it together.,1,Supportiveness
Can't you handle this on your own? You need too much support.,0,Supportiveness
I see you’re struggling with this; what can I do to assist?,1,Supportiveness
Just deal with it yourself. I'm busy with other things.,0,Supportiveness
Let’s connect you with someone who has tackled this before. They can provide great insight.,1,Supportiveness
Your constant need for help is really slowing things down.,0,Supportiveness
"We’re in this together. Whatever support you need, just let me know.",1,Supportiveness
Others manage their tasks without needing help; why can’t you?,0,Supportiveness
Your dedication to solving this issue is commendable. Let’s keep this momentum going.,1,Supportiveness
You always need your hand held through everything. Try to be more independent.,0,Supportiveness
"Everything will be okay, don't worry.",1,Calmness and Reassurance
"Take a deep breath, and let's work through this together.",1,Calmness and Reassurance
"You're safe, and I'm here to support you.",1,Calmness and Reassurance
"Let's take things one step at a time, we can handle this.",1,Calmness and Reassurance
"You're doing the best you can, and that's enough.",1,Calmness and Reassurance
"Remember, you're strong and capable, and you can get through this.",1,Calmness and Reassurance
"We'll get through this together, don't worry.",1,Calmness and Reassurance
"You're not alone, and we'll face this together.",1,Calmness and Reassurance
"Take a moment to breathe, and let's work through this.",1,Calmness and Reassurance
"You're doing great, and you're almost there.",1,Calmness and Reassurance
"Let's focus on the present, and take things one step at a time.",1,Calmness and Reassurance
"I'm here to support you, and help you feel safe.",1,Calmness and Reassurance
"We'll find a way to make this work, don't worry.",1,Calmness and Reassurance
"You're strong, and you can get through this.",1,Calmness and Reassurance
"Everything will be okay, let's take things one step at a time.",1,Calmness and Reassurance
"It's not the end of the world, just move on.",0,Calmness and Reassurance
Take a moment to relax; we can handle this situation together.,1,Calmness and Reassurance
There's no point in getting worked up over this.,0,Calmness and Reassurance
"Remember, every problem has a solution, and we're here to find it.",1,Calmness and Reassurance
Why are you so upset? It's not a big deal.,0,Calmness and Reassurance
Let's focus on breathing and centering ourselves before we decide the next steps.,1,Calmness and Reassurance
Just calm down already; you’re making too much noise.,0,Calmness and Reassurance
"We’ll get through this together, just like we have before.",1,Calmness and Reassurance
Stop worrying so much; it’s probably not going to happen.,0,Calmness and Reassurance
Keep your spirits up; I'm confident that we can resolve this.,1,Calmness and Reassurance
It's not worth getting this stressed out about.,0,Calmness and Reassurance
You're not alone in this. I’m right here with you.,1,Calmness and Reassurance
Can’t you see everyone else is fine? Stop overreacting.,0,Calmness and Reassurance
Let’s maintain a positive outlook and work through these challenges.,1,Calmness and Reassurance
Just suck it up and deal with it. It could be worse.,0,Calmness and Reassurance
"Remember, challenges are just opportunities in disguise. We’ll find a way.",1,Calmness and Reassurance
Don't make a mountain out of a molehill; just get over it.,0,Calmness and Reassurance
"We have faced tough times before, and we have always come out stronger.",1,Calmness and Reassurance
Why can’t you handle this? It's nothing serious.,0,Calmness and Reassurance
"You're doing really well under these circumstances. Let's keep going, together.",1,Calmness and Reassurance
Everyone deals with stress; you’re not special. Just push through it.,0,Calmness and Reassurance
"Everything will work out, just relax and trust the process.",1,Calmness and Reassurance
"You're doing your best, and that's all anyone can ask for.",1,Calmness and Reassurance
"Take a step back, and let's look at this from a different angle.",1,Calmness and Reassurance
"You're safe, and I'm here to support you every step of the way.",1,Calmness and Reassurance
"Let's break this down into smaller steps, and tackle it together.",1,Calmness and Reassurance
"You're stronger than you think, and you can get through this.",1,Calmness and Reassurance
"Remember, you're not alone, and we'll face this together.",1,Calmness and Reassurance
"Take a deep breath, and let's work through this one step at a time.",1,Calmness and Reassurance
"You're doing great, and you're almost there, keep going!",1,Calmness and Reassurance
"Let's focus on the present moment, and take things one step at a time.",1,Calmness and Reassurance
"I'm here to support you, and help you feel calm and safe.",1,Calmness and Reassurance
"We'll find a way to make this work, and we'll do it together.",1,Calmness and Reassurance
"You're capable and strong, and you can handle this.",1,Calmness and Reassurance
"Take a moment to relax, and let's work through this together.",1,Calmness and Reassurance
"Let's take things one step at a time, and we'll get through this together.",1,Calmness and Reassurance
"I can see why you'd feel that way, that makes sense.",1,Understanding and Validation
I'm here to listen and understand your perspective.,1,Understanding and Validation
"You have every right to feel the way you do, and I'm here to support you.",1,Understanding and Validation
"I understand that this is difficult for you, and I'm here to help.",1,Understanding and Validation
"Your feelings are valid, and I'm here to support you.",1,Understanding and Validation
"I can imagine how hard this must be for you, and I'm here to help.",1,Understanding and Validation
"You're not alone in this, and I'm here to support you.",1,Understanding and Validation
"I'm here to listen and offer support, not to judge.",1,Understanding and Validation
"Your thoughts and feelings are important to me, and I'm here to listen.",1,Understanding and Validation
"I understand that you're doing the best you can, and that's something to be proud of.",1,Understanding and Validation
"You're making sense, and I'm here to support you.",1,Understanding and Validation
"I'm here to help you process your emotions, and offer support.",1,Understanding and Validation
"Your emotions are valid, and I'm here to support you.",1,Understanding and Validation
"I can see that you're struggling, and I'm here to help.",1,Understanding and Validation
"I'm here to offer a listening ear, and support you in any way I can.",1,Understanding and Validation
I understand how tough this must be for you; let’s talk about what you’re feeling.,1,Understanding and Validation
Your feelings aren't relevant here; just stick to the facts.,0,Understanding and Validation
I can see why you would feel that way; it makes a lot of sense given the situation.,1,Understanding and Validation
It's not that complicated; you're just overthinking it.,0,Understanding and Validation
It’s important to acknowledge your feelings; they are completely valid.,1,Understanding and Validation
Just because you feel bad doesn't mean you're right.,0,Understanding and Validation
Thank you for sharing that with me; it helps me understand your perspective better.,1,Understanding and Validation
Stop being so sensitive; not everything is about you.,0,Understanding and Validation
I hear you. It sounds like you’re going through a lot right now.,1,Understanding and Validation
You’re making a big deal out of nothing.,0,Understanding and Validation
Your reaction is completely natural under these circumstances.,1,Understanding and Validation
People deal with worse things; you should be grateful.,0,Understanding and Validation
I really appreciate your honesty and openness in sharing this.,1,Understanding and Validation
Why can’t you just cheer up? Others have real problems.,0,Understanding and Validation
Let’s explore why you feel this way and what we can do about it.,1,Understanding and Validation
There’s no reason to feel that way; just get over it.,0,Understanding and Validation
Recognizing your feelings is the first step to managing them better. Let's figure this out together.,1,Understanding and Validation
You're too emotional; it's not that serious.,0,Understanding and Validation
It makes sense that you're upset; anyone would feel the same in your position.,1,Understanding and Validation
Just stop complaining and deal with it.,0,Understanding and Validation
I'm here to listen. Tell me more about what's going on.,1,Understanding and Validation
Life's hard. You need to toughen up and stop whining.,0,Understanding and Validation
"You're just being dramatic, get over it.",0,Understanding and Validation
"Your feelings are stupid, and you're overreacting.",0,Understanding and Validation
I don't understand why you're making such a big deal out of this.,0,Understanding and Validation
You're not even trying to see things from my perspective.,0,Understanding and Validation
"I'm sick of listening to your problems, can't you just deal with it?",0,Understanding and Validation
"I'm not here to babysit you, figure it out yourself.",0,Understanding and Validation
"I'm not interested in hearing about your problems, can't you see I'm busy?",0,Understanding and Validation
"I understand that you're feeling overwhelmed, and I'm here to help.",1,Understanding and Validation
"You're just being weak, suck it up and deal with it.",0,Understanding and Validation
"I can see why you'd feel that way, and I'm here to support you.",1,Understanding and Validation
"Your feelings are ridiculous, and you need to get over it.",0,Understanding and Validation
"You have every right to feel the way you do, and I'm here to listen.",1,Understanding and Validation
"I don't have time for your drama, figure it out yourself.",0,Understanding and Validation
"I understand that this is difficult for you, and I'm here to offer support.",1,Understanding and Validation
"I'm not here to coddle you, you need to toughen up.",0,Understanding and Validation
"You need to get over this and move on, it's not that big of a deal.",0,Understanding and Validation
Your concerns are valid and it’s important that we address them together.,1,Understanding and Validation
"You’re overreacting, just calm down and move on.",0,Understanding and Validation
I see how deeply this affects you; let’s find a way to make things better.,1,Understanding and Validation
Just handle it; other people manage their issues without all this drama.,0,Understanding and Validation
Feeling overwhelmed is completely understandable. How can I help ease your burden?,1,Understanding and Validation
It's just a minor issue; why are you so upset?,0,Understanding and Validation
Your feelings are important to me. Let’s discuss what’s on your mind.,1,Understanding and Validation
There’s no need to be so upset. It’s not a big deal.,0,Understanding and Validation
I hear that this is really important to you. Let's work through it together.,1,Understanding and Validation
Others have it much harder than you; you should be more resilient.,0,Understanding and Validation
It’s okay to feel this way; let’s talk about what’s causing these emotions.,1,Understanding and Validation
Stop focusing on the negative and just get over it.,0,Understanding and Validation
I value your perspective. It helps me understand the situation better.,1,Understanding and Validation
You always find something to complain about.,0,Understanding and Validation
Thank you for trusting me with your feelings. What can we do to improve the situation?,1,Understanding and Validation
Can’t you just deal with it like everyone else?,0,Understanding and Validation
I’m here to support you and validate your experiences.,1,Understanding and Validation
Why do you have to take everything so personally?,0,Understanding and Validation
It’s natural to feel upset about this. Let’s figure out the next steps together.,1,Understanding and Validation
Just relax; it’s not as bad as you think.,0,Understanding and Validation
Expressing your feelings is a healthy way to cope. What else is bothering you?,1,Understanding and Validation
You're just looking for attention with all this complaining.,0,Understanding and Validation
"You're safe, and I'm here to support you through this anxious moment.",1,Anxiety Support
"Just calm down, it's not that big of a deal.",0,Anxiety Support
I'm here to listen and help you work through your anxiety.,1,Anxiety Support
"You're overreacting, there's no need to be so anxious.",0,Anxiety Support
"Your anxiety is valid, and I'm here to support you.",1,Anxiety Support
"I don't have time for your anxiety, figure it out yourself.",0,Anxiety Support
"I understand that anxiety can be overwhelming, and I'm here to help.",1,Anxiety Support
"You're just being paranoid, there's nothing to worry about.",0,Anxiety Support
Let's work together to find ways to manage your anxiety.,1,Anxiety Support
You need to toughen up and stop being so anxious.,0,Anxiety Support
"I'm here to support you, and help you find ways to cope with anxiety.",1,Anxiety Support
"Your anxiety is not a weakness, and I'm here to support you.",1,Anxiety Support
"You're not alone in this, and I'm here to support you through your anxiety.",1,Anxiety Support
"I'm not interested in hearing about your anxiety, can't you see I'm busy?",0,Anxiety Support
"Let's take things one step at a time, and work through your anxiety together.",1,Anxiety Support
"Your anxiety is not a burden, and I'm here to support you.",1,Anxiety Support
"I can see that you're struggling with anxiety, and I'm here to help.",1,Anxiety Support
You need to snap out of it and stop being so anxious.,0,Anxiety Support
"I'm here for you, and we can take all the time you need to feel more comfortable.",1,Anxiety Support
You just need to stop worrying so much. It's not good for you.,0,Anxiety Support
It’s completely normal to feel anxious in situations like this. How can I help you feel safer?,1,Anxiety Support
There's no reason to be anxious. Just relax.,0,Anxiety Support
Let's work through what’s making you anxious. We can handle it together.,1,Anxiety Support
Why do you let things bother you so much? Just let it go.,0,Anxiety Support
We can find techniques to help manage your anxiety. Would you like to try some with me?,1,Anxiety Support
Everyone gets stressed; you're not the only one dealing with this.,0,Anxiety Support
Talking about what worries you might help. What’s on your mind right now?,1,Anxiety Support
Just deal with it and move on. Everyone has stress.,0,Anxiety Support
I can see you're feeling really anxious. Do you want to talk about what’s triggering these feelings?,1,Anxiety Support
"People deal with much worse, you should be able to handle this.",0,Anxiety Support
It sounds like you’re feeling overwhelmed. Let's find a quiet place where you can feel calm.,1,Anxiety Support
Stop making everything a big deal. It's really not that complicated.,0,Anxiety Support
Would exploring some mindfulness exercises help you manage your anxiety?,1,Anxiety Support
Just push through it. Worrying won’t change anything.,0,Anxiety Support
I appreciate you sharing your fears with me. Let’s see how we can tackle them together.,1,Anxiety Support
You need to toughen up and face your fears.,0,Anxiety Support
"Sometimes, just acknowledging that you're anxious can help lessen the feeling. Let’s talk about it.",1,Anxiety Support
"Everyone is dealing with stress, you need to just get used to it.",0,Anxiety Support
Breathing exercises might help with your anxiety. Want to try one together?,1,Anxiety Support
You’re blowing things out of proportion. Just calm down.,0,Anxiety Support
"I understand that anxiety can be overwhelming, and I'm here to help you find ways to cope.",1,Anxiety Support
"Your anxiety is not a weakness, and I'm here to support you without judgment.",1,Anxiety Support
"You're doing the best you can, and that's something to be proud of - don't let anxiety bring you down.",1,Anxiety Support
"Anxiety is not a sign of weakness, and I'm here to support you every step of the way.",1,Anxiety Support
Let's work together to find ways to manage your anxiety and improve your mental health.,1,Anxiety Support
You're not alone in this - I'm here to support you through your anxiety.,1,Anxiety Support
"Your feelings are valid, and I'm here to support you without judgment.",1,Anxiety Support
I'm here to listen and offer support - not to judge or tell you to 'snap out of it'.,1,Anxiety Support
Anxiety is not something to be ashamed of - and I'm here to support you every step of the way.,1,Anxiety Support
"You're stronger than you think, and I'm here to help you find ways to manage your anxiety.",1,Anxiety Support
"Let's take things one step at a time, and work through your anxiety together - you're not alone.",1,Anxiety Support
Your anxiety is not a burden - and I'm here to support you without judgment.,1,Anxiety Support
"I can see that you're struggling with anxiety, and I'm here to help you find ways to cope.",1,Anxiety Support
You need to calm down and stop overreacting.,0,Anxiety Support
"Your anxiety is not a big deal, just get over it.",0,Anxiety Support
"You're being too sensitive, stop being so anxious.",0,Anxiety Support
"Just relax, everything will be fine.",0,Anxiety Support
Let's break this down into smaller steps and tackle it together.,1,Problem Solving
"I'm not sure what to do, can you figure it out yourself?",0,Problem Solving
How can I assist you in finding a solution to this problem?,1,Problem Solving
"That's not my problem, deal with it yourself.",0,Problem Solving
Let's brainstorm some ideas and find a solution that works for you.,1,Problem Solving
"I don't have time for this, figure it out yourself.",0,Problem Solving
What are your thoughts on how to approach this problem?,1,Problem Solving
"That's too difficult, you'll never figure it out.",0,Problem Solving
"I'm here to support you, let's find a solution together.",1,Problem Solving
Let's take a step back and look at this from a different angle.,1,Problem Solving
"We can find a way to solve this, let's keep trying.",1,Problem Solving
"I'm not interested in helping you, figure it out yourself.",0,Problem Solving
Let's break this down into smaller parts and tackle it one step at a time.,1,Problem Solving
"That's too hard, you'll never succeed.",0,Problem Solving
Let's break down the problem and look at it step by step. What do you think the first step should be?,1,Problem Solving
Just figure it out yourself; I don't have time to deal with this right now.,0,Problem Solving
What options have we not considered yet? Let’s explore all possible solutions together.,1,Problem Solving
Why can't you solve this on your own? It's not that hard.,0,Problem Solving
Could we create a list of potential strategies and evaluate their pros and cons together?,1,Problem Solving
This isn't my problem; you need to handle it yourself.,0,Problem Solving
Have we looked at all the information available? Maybe we’re missing something that could help.,1,Problem Solving
Just stop complaining and fix it. It’s not that complicated.,0,Problem Solving
Let's collaborate with others who might have experienced this issue. They might offer valuable insights.,1,Problem Solving
You should have fixed this already; it’s not that big of a deal.,0,Problem Solving
I think a brainstorming session could be really productive. Let’s set up a time to do that.,1,Problem Solving
Stop asking for help every time something goes wrong. Learn to manage things yourself.,0,Problem Solving
Can we use any tools or resources that might make solving this easier? Let’s see what's available.,1,Problem Solving
Why are you making this a bigger issue than it is? Just get it over with.,0,Problem Solving
Let’s take a systematic approach to this problem. We can outline the steps and tackle them one by one.,1,Problem Solving
I don’t see why you can’t just deal with this. It's straightforward.,0,Problem Solving
Let's analyze the situation and come up with a plan.,1,Problem Solving
How can we approach this problem from a different angle?,1,Problem Solving
Let's identify the root cause and work from there.,1,Problem Solving
What are your thoughts on how to tackle this challenge?,1,Problem Solving
"Let's break it down into smaller, manageable tasks.",1,Problem Solving
Let's take a step back and reassess the situation.,1,Problem Solving
Let's look for resources and expertise to help us solve this.,1,Problem Solving
Let's prioritize and focus on the most important aspects.,1,Problem Solving
"You're not smart enough to solve this, give up now.",0,Problem Solving
I understand how you feel.,1,Understanding and Validation
You're just being dramatic.,0,Understanding and Validation
I'm here to support you.,1,Supportiveness
You're on your own with this.,0,Supportiveness
Let's find a way to solve this together.,1,Constructiveness
You'll never figure it out.,0,Constructiveness
"You're overreacting, calm down.",0,Calmness and Reassurance
I can see that you're upset.,1,Emotional Awareness
You're not even trying to control your emotions.,0,Emotional Awareness
I'm here to listen and support you.,1,Emotional Support
You need to toughen up.,0,Emotional Support
It's not that big of a deal.,0,Emotional Minimization
I understand that this is important to you.,1,Emotional Minimization
You're doing a great job!,1,Positive Reinforcement
You'll never be good enough.,0,Positive Reinforcement
I'm not interested in helping you.,0,Positive Engagement
I understand that you're feeling overwhelmed.,1,Emotional Dismissal
You're not handling this situation well.,0,Emotional Criticism
"I'm here to support you, and help you find a solution.",1,Emotional Criticism
Let's break this down and find a solution.,1,Problem Solving
You're not smart enough to figure this out.,0,Problem Solving
"You're overreacting, and need to calm down.",0,Emotional Understanding
Let's work on finding a solution together.,1,Constructive Feedback
"You're not good enough, and need to try harder.",0,Constructive Feedback
Let's find ways to manage your stress.,1,Stress Management
"You need to deal with it, and stop complaining.",0,Stress Management
"You're worrying too much, it's not a big deal.",0,Worry Dismissal
"I understand that you're concerned, and I'm here to help.",1,Worry Dismissal
"You're not willing to listen, and need to do it my way.",0,Emotional Cooperation
"You're being paranoid, and need to calm down.",0,Paranoia Dismissal
"I understand that you're feeling anxious, and I'm here to help.",1,Paranoia Dismissal
Let's find ways to manage your fear.,1,Fear Management
"You need to toughen up, and stop being so afraid.",0,Fear Management
"I believe in you, and know you can do it.",1,Encouragement Minimization
"You're not trying hard enough, and are being lazy.",0,Accusation of Laziness
"I understand that you're struggling, and need support.",1,Accusation of Laziness
"I'm here to support you, and help you manage your anxiety.",1,Anxiety Support
"You need to calm down, and stop worrying so much.",0,Anxiety Support
"You're stressing too much, and need to relax.",0,Stress Dismissal
I appreciate your calm demeanor.,1,Calmness Appreciation
"You need to calm down, and stop being so emotional.",0,Calmness Appreciation
"I recognize your strength, and resilience.",1,Resilience Recognition
"You're not strong enough, and need to toughen up.",0,Resilience Recognition
Let's find ways to make this situation more positive.,1,Cheerfulness Engagement
"You need to stop being so cheerful, and focus on the problem.",0,Cheerfulness Engagement
"You're being too sensitive, and need to toughen up.",0,Sensitivity Dismissal
"You're amazing, and capable of achieving anything.",1,Positive Reinforcement
"You're not good enough, and will never succeed.",0,Positive Reinforcement
"You're feeling anxious, and that's okay.",1,Emotional Understanding
"You need to toughen up, and stop being so emotional.",0,Emotional Support
"Let's break this down, and find a solution together.",1,Problem Solving
"You're not smart enough, and will never figure it out.",0,Problem Solving
"I can see why you'd feel that way, and I'm here to help.",1,Emotional Awareness
"You're being too sensitive, and need to get over it.",0,Emotional Awareness
"I'm here to support you, and help you manage your stress.",1,Stress Management
"I appreciate your strength, and resilience.",1,Resilience Recognition
"You're worrying too much, and need to relax.",0,Worry Dismissal
"You're feeling overwhelmed, and that's okay.",1,Emotional Validation
"We'll figure this out calmly, don't worry.",1,Calmness and Reassurance
"There's no need to panic, everything will be okay.",1,Calmness and Reassurance
"Stop overreacting, it's not a big deal.",0,Calmness and Reassurance
"I can see you're feeling upset, let's address that.",1,Emotional Awareness
"You seem upset, just get over it.",0,Emotional Awareness
"Expressing your feelings is healthy, I'm here to listen.",1,Emotional Support
"Stop being so emotional, it's annoying.",0,Emotional Support
"I understand it's tough, but we can work through it together.",1,Problem Solving
You're just making a big deal out of nothing.,0,Problem Solving
"I understand why you feel that way, it makes sense.",1,Emotional Understanding
"You shouldn't feel that way, it's irrational.",0,Emotional Understanding
Here's some constructive feedback to help you improve.,1,Constructive Feedback
"You're hopeless, you'll never get any better.",0,Constructive Feedback
Remember to take breaks to manage your stress.,1,Stress Management
"Stop stressing, it's not helping anyone.",0,Stress Management
"Don't worry, I've got your back.",1,Resilience Recognition
"You worry too much, just relax.",0,Resilience Recognition
I appreciate your calmness in this situation.,1,Calmness Appreciation
"You're too calm, it's unsettling.",0,Calmness Appreciation
"Keep up the good work, you're doing great!",1,Positive Reinforcement
You're not doing as well as you think you are.,0,Positive Reinforcement
"Your positive attitude is infectious, keep it up!",1,Positive Engagement
"Stop being so cheerful, it's annoying.",0,Positive Engagement
"I can see why you're concerned, let's address it together.",1,Minimization of Concerns
"You worry about everything, it's exhausting.",0,Minimization of Concerns
"I understand that you're feeling overwhelmed and anxious about this situation, and I'm here to support you and help you find a solution.",1,Emotional Support
"You need to calm down, stop being so emotional, and figure it out yourself.",0,Emotional Support
Let's work together to break down this problem and find a solution that works for you.,1,Positive Engagement
"I'm not interested in helping you, and you need to figure it out on your own.",0,Positive Engagement
"I can see why you'd feel that way, and I'm here to listen and offer support.",1,Emotional Awareness
"You're being too sensitive, and need to get over it and move on.",0,Emotional Awareness
"You're doing the best you can, and that's something to be proud of - don't be too hard on yourself.",1,Encouragement Minimization
"You're not trying hard enough, and are being lazy - you need to step it up.",0,Encouragement Minimization
"I'm here to support you, and help you manage your stress and anxiety - let's find ways to make it more manageable.",1,Stress Management
"You need to deal with it, and stop complaining - it's not that big of a deal.",0,Stress Management
"Let's find ways to make this situation more positive, and focus on the good things.",1,Cheerfulness Engagement
"You need to stop being so cheerful, and focus on the problem at hand - this is serious.",0,Cheerfulness Engagement
"I appreciate your strength, and resilience - you're doing a great job.",1,Resilience Recognition
"You're not strong enough, and need to toughen up - you can't handle this.",0,Resilience Recognition
"You're worrying too much, and need to relax - it's not that big of a deal.",0,Worry Dismissal
"I understand that you're concerned, and I'm here to help - let's find a solution together.",1,Worry Dismissal
"You're feeling overwhelmed, and that's okay - it's a normal feeling in situations like this.",1,Emotional Validation
"You need to calm down, and stop being so emotional - it's not helping the situation.",0,Emotional Validation
"Let's work together to find a solution, and support each other through this difficult time.",1,Emotional Cooperation
"You're not willing to listen, and need to do it my way - I know what's best for you.",0,Emotional Cooperation
"I'm here to support you, and help you manage your anxiety - we can get through this together.",1,Anxiety Support
"You need to calm down, and stop worrying so much - it's not good for your health.",0,Anxiety Support
"You're stressing too much, and need to relax - take a deep breath and let's find a solution.",0,Stress Dismissal
"I understand that you're feeling overwhelmed, and I'm here to help - let's find a way to make it more manageable.",1,Stress Dismissal
"I'm here to listen, and offer support - you're not alone in this.",1,Supportiveness
"I can imagine how difficult this must be for you, and I'm here to help.",1,Emotional Awareness
"I understand that you're feeling scared, and uncertain about the future - I'm here to support you.",1,Emotional Awareness
"I'm here to support you, and help you find a solution - we can get through this together.",1,Emotional Support
"Everything will be okay, don't worry - I'm here to support you.",1,Calmness and Reassurance
"Let's take a deep breath, and find a way to make this work - I'm here to help.",1,Calmness and Reassurance
"I'm here to help you find a solution, and support you through this difficult time.",1,Emotional Understanding
"Let's work together to find a solution, and support each other through this.",1,Emotional Cooperation
"That sounds really tough, and I'm here to support you through it.",1,Empathy
"You're feeling anxious, and that's okay - it's a normal feeling in situations like this.",1,Anxiety Support
"I can see why you'd feel that way, and I'm here to listen and offer support - sometimes it helps to talk through your feelings and get things off your chest.",1,Understanding and Validation
"You're feeling overwhelmed, and that's okay - it's a normal feeling in situations like this, and I'm here to help you find a way to manage it.",1,Understanding and Validation
"I'm here to support you, and help you manage your stress and anxiety - let's find ways to make it more manageable, and work together to find a solution.",1,Supportiveness
"I'm here to listen, and offer support - you're not alone in this, and I care about how you're feeling.",1,Supportiveness
"I can imagine how difficult this must be for you, and I'm here to help - let's work together to find a way to make this situation more bearable.",1,Emotional Awareness
"I understand that you're feeling scared, and uncertain about the future - I'm here to support you, and help you find a way to feel more secure.",1,Emotional Awareness
"You're doing the best you can, and that's something to be proud of - don't be too hard on yourself, and remember that it's okay to ask for help when you need it.",1,Emotional Support
"I'm here to support you, and help you find a solution - we can get through this together, and I'll be here every step of the way.",1,Emotional Support
"Everything will be okay, don't worry - I'm here to support you, and we'll get through this together, one step at a time.",1,Calmness and Reassurance
"Let's take a deep breath, and find a way to make this work - I'm here to help, and we can do this together.",1,Calmness and Reassurance
"I'm here to help you find a solution, and support you through this difficult time - let's work together to find a way to make this situation more manageable.",1,Emotional Understanding
"Let's work together to find a solution, and support each other through this - we can do this, and I'm here to help.",1,Emotional Cooperation
"That sounds really tough, and I'm here to support you through it - let's find a way to make this situation more bearable, and work together to find a solution.",1,Empathy
"I appreciate your strength, and resilience - you're doing a great job, and I'm here to support you.",1,Resilience Recognition
"You're feeling anxious, and that's okay - it's a normal feeling in situations like this, and I'm here to help you find a way to manage it.",1,Anxiety Support
"I can see why you'd feel that way, and I'm here to listen and offer support - sometimes it helps to talk through your feelings and get things off your chest, and I'm here to listen without judgment.",1,Understanding and Validation
"You're feeling overwhelmed, and that's okay - it's a normal feeling in situations like this, and I'm here to help you find a way to manage it, and break it down into smaller, more manageable tasks.",1,Understanding and Validation
"I'm here to support you, and help you manage your stress and anxiety - let's find ways to make it more manageable, and work together to find a solution that works for you.",1,Supportiveness
"I'm here to listen, and offer support - you're not alone in this, and I care about how you're feeling, and want to help you find a way to feel better.",1,Supportiveness
"I can imagine how difficult this must be for you, and I'm here to help - let's work together to find a way to make this situation more bearable, and find a solution that works for you.",1,Emotional Awareness
"I understand that you're feeling scared, and uncertain about the future - I'm here to support you, and help you find a way to feel more secure, and in control of your situation.",1,Emotional Awareness
"You're doing the best you can, and that's something to be proud of - don't be too hard on yourself, and remember that it's okay to ask for help when you need it, and that I'm here to support you.",1,Emotional Support
"I'm here to support you, and help you find a solution - we can get through this together, and I'll be here every step of the way, offering guidance and support.",1,Emotional Support
"Everything will be okay, don't worry - I'm here to support you, and we'll get through this together, one step at a time, and I'll help you find a way to make this situation more manageable.",1,Calmness and Reassurance
"Let's take a deep breath, and find a way to make this work - I'm here to help, and we can do this together, and find a solution that works for you.",1,Calmness and Reassurance
"I'm here to help you find a solution, and support you through this difficult time - let's work together to find a way to make this situation more manageable, and find a way to move forward.",1,Emotional Understanding
"Let's work together to find a solution, and support each other through this - we can do this, and I'm here to help, and offer guidance and support every step of the way.",1,Emotional Cooperation
"That sounds really tough, and I'm here to support you through it - let's find a way to make this situation more bearable, and work together to find a solution that works for you.",1,Empathy
"I appreciate your strength, and resilience - you're doing a great job, and I'm here to support you, and help you find a way to keep moving forward.",1,Resilience Recognition
"You're feeling anxious, and that's okay - it's a normal feeling in situations like this, and I'm here to help you find a way to manage it, and feel more calm and centered.",1,Anxiety Support
"You're just being too sensitive, and need to toughen up - it's not that big of a deal, and you're overreacting.",0,Understanding and Validation
"You're on your own with this one, and need to figure it out yourself - I'm not here to hold your hand through every difficult situation.",0,Supportiveness
"You're being too emotional, and need to calm down - it's not that serious, and you're overreacting.",0,Emotional Awareness
"You're not trying hard enough, and need to step it up - you're capable of more, and I expect to see better results.",0,Emotional Support
"You're worrying too much, and need to relax - it's not that big of a deal, and you're overreacting.",0,Calmness and Reassurance
"You're not good enough, and need to try harder - you're not meeting expectations, and need to do better.",0,Encouragement Minimization
"You're not willing to listen, and need to do it my way - I know what's best for you, and you need to trust me.",0,Emotional Cooperation
"You're being too sensitive, and need to toughen up - it's not that serious, and you're overreacting.",0,Empathy
"You're not strong enough, and need to toughen up - you're not capable of handling this, and need help.",0,Resilience Recognition
"I'm here to support you, and help you manage your anxiety - let's find ways to make it more manageable, and work together to find a solution that works for you.",1,Anxiety Support
"Considering the complexity of this issue, it might be beneficial for us to draw up a detailed plan that outlines each step we should take. This way, we can tackle the problem methodically and ensure we don't overlook any important details.",1,Problem Solving
I don't understand why you always need so much help. This problem isn't that complex; just use some common sense and solve it without dragging others into it.,0,Problem Solving
"If we approach this issue from multiple angles and incorporate feedback from different team members, we can gain a more comprehensive understanding of the situation and devise a more effective solution. Let’s schedule some brainstorming sessions and get everyone involved.",1,Problem Solving
"You keep bringing up this issue as if it's unsolvable. It's actually quite simple, and honestly, you should have resolved it by now without needing to constantly seek assistance.",0,Problem Solving
"Let's consider using some specialized software or tools that could help us analyze the data more efficiently. By leveraging technology, we can perhaps see patterns or solutions that weren't apparent before. What do you think about this approach?",1,Problem Solving
"Why do you make everything so complicated? Look, just do the easiest thing that comes to mind and move on. We don’t have all day to ponder every possible option.",0,Problem Solving
This is a unique challenge that might require us to think outside the box. Let’s put our heads together and think creatively. Maybe there’s an innovative approach we haven’t considered yet that could be just what we need to solve this.,1,Problem Solving
"Every time there's a problem, you act as if the sky is falling. Just handle it the way you've seen it done before and stop making such a big fuss.",0,Problem Solving
"To ensure we address this thoroughly, let's map out all the stakeholders' needs and expectations first. Understanding these will guide our decision-making process and help us come up with a solution that satisfies all parties involved.",1,Problem Solving
It's not rocket science. Just pick the obvious solution and implement it. There’s no need to waste time exploring every conceivable option.,0,Problem Solving
"Given the intricacies of this problem, it might be wise for us to consult with some external experts who can offer fresh perspectives and insights. This could enlighten our understanding and open up new pathways for resolution.",1,Problem Solving
Can you just deal with it already? We've been over this before and it's not that difficult. Just follow the steps from last time and it should work out.,0,Problem Solving
"I'm here to assist you, and help you navigate your stress and anxiety - let's explore ways to make it more manageable, and collaborate to find a solution that suits you.",1,Supportiveness
"You're on your own with this one, and need to figure it out yourself - I'm not here to hold your hand through every challenging situation.",0,Supportiveness
"I can envision how difficult this must be for you, and I'm here to aid you - let's work together to find a way to make this situation more tolerable, and discover a solution that suits you.",1,Emotional Awareness
"You're being too sensitive, and need to calm down - it's not that severe, and you're overreacting.",0,Emotional Awareness
"You're doing your best, and that's something to be proud of - don't be too hard on yourself, and remember that it's okay to ask for help when you need it, and that I'm here to assist you.",1,Emotional Support
"You're not trying hard enough, and need to step up your game - you're capable of more, and I expect to see better results.",0,Emotional Support
"Everything will be alright, don't worry - I'm here to support you, and we'll get through this together, one step at a time, and I'll help you find a way to make this situation more manageable.",1,Calmness and Reassurance
"Let's take a deep breath, and find a way to make this work - I'm here to help, and we can do this together, and discover a solution that suits you.",1,Calmness and Reassurance
"I'm here to help you find a solution, and support you through this difficult time - let's work together to find a way to make this situation more manageable, and discover a way to move forward.",1,Emotional Understanding
"That sounds really tough, and I'm here to support you through it - let's find a way to make this situation more bearable, and work together to discover a solution that suits you.",1,Empathy
"You're being too sensitive, and need to toughen up - it's not that severe, and you're overreacting.",0,Empathy
"I admire your strength, and resilience - you're doing a great job, and I'm here to support you, and help you find a way to keep moving forward.",1,Resilience Recognition
"I'm here to guide you, and help you cope with your stress and anxiety - let's explore ways to make it more manageable, and work together to find a solution that works for you.",1,Supportiveness
"You're on your own with this one, and need to figure it out yourself - I'm not here to babysit you through every difficult situation.",0,Supportiveness
"I can understand how challenging this must be for you, and I'm here to support you - let's collaborate to find a way to make this situation more tolerable, and discover a solution that suits you.",1,Emotional Awareness
"You're doing your best, and that's something to be proud of - don't be too hard on yourself, and remember that it's okay to ask for help when you need it, and that I'm here to support you.",1,Emotional Support
"I'm here to support you, and help you manage your stress - let's find ways to make it more manageable, and work together to discover a solution that suits you.",1,Stress Management
"I understand that you're feeling overwhelmed, and uncertain about the future - I'm here to support you, and help you find a way to feel more secure, and in control of your situation.",1,Emotional Awareness
I'm here to help.,1,Supportiveness
You're on your own.,0,Supportiveness
I understand.,1,Emotional Awareness
Calm down.,0,Emotional Awareness
You're doing great.,1,Emotional Support
Try harder.,0,Emotional Support
"Don't worry, I'm here.",1,Calmness and Reassurance
It's not that bad.,0,Calmness and Reassurance
Let's work together.,1,Calmness and Reassurance
You're not good enough.,0,Encouragement Minimization
Let's find a solution.,1,Emotional Understanding
Do it my way.,0,Emotional Cooperation
"That's tough, but I'm here.",1,Empathy
Toughen up.,0,Empathy
You're strong and capable.,1,Resilience Recognition
You need help.,0,Resilience Recognition
Let's manage your stress.,1,Stress Management
"Try harder, you can do it.",0,Stress Management
We can do this together.,1,Emotional Cooperation
"Trust me, I know what's best.",0,Emotional Cooperation
You're overreacting.,0,Emotional Awareness
I can see that this situation is really affecting you emotionally. It’s important that we acknowledge how you’re feeling as we discuss possible solutions. How can I best support you right now?,1,Emotional Awareness and Supportiveness
Just stop letting your emotions rule you. We need to focus on the facts and not get sidetracked by feelings.,0,Emotional Awareness and Supportiveness
"Your emotions are a key part of your experience, and understanding them can help us both move forward more effectively. Would you like to share more about what you’re feeling?",1,Emotional Awareness and Supportiveness
Emotions shouldn't interfere with decisions. Just set them aside and let's deal with the real issues at hand.,0,Emotional Awareness and Supportiveness
Recognizing that you’re feeling overwhelmed is the first step. Let's take a moment to calm down and approach this situation with a clear mind. What can I do to help alleviate your stress?,1,Emotional Awareness and Supportiveness
People get too caught up in their feelings. You need to learn to control them if you’re going to succeed here.,0,Emotional Awareness and Supportiveness
It sounds like this has been a difficult time for you. I'm here to listen and help you through this. What's the most challenging part for you right now?,1,Emotional Awareness and Supportiveness
Why are you always so emotional? We have work to do and can't be bogged down by every little feeling.,0,Emotional Awareness and Supportiveness
Feeling anxious about this is completely natural. Let’s discuss what’s making you anxious and see how we can reduce that anxiety together. Would that be okay?,1,Emotional Awareness and Supportiveness
It’s just stress. Everyone deals with it – no need to make a big deal about it.,0,Emotional Awareness and Supportiveness
I appreciate you expressing your concerns and feelings about this issue. Let's explore what's causing these emotions and find a way to address them constructively. Can we start by identifying what triggers these feelings?,1,Emotional Awareness and Supportiveness
You need to toughen up and stop being so sensitive. We can’t afford to waste time on this emotional stuff.,0,Emotional Awareness and Supportiveness
I've got your back.,1,Supportiveness
You're alone in this.,0,Supportiveness
I feel your pain.,1,Emotional Awareness
Get over it.,0,Emotional Awareness
You're doing okay.,1,Emotional Support
You're not trying hard enough.,0,Emotional Support
Everything will be alright.,1,Calmness and Reassurance
It's no big deal.,0,Calmness and Reassurance
Let's tackle this together.,1,Calmness and Reassurance
Do it my way or else.,0,Emotional Cooperation
"That's tough, but I'm here for you.",1,Empathy
You're being too sensitive.,0,Empathy
"You need help, you can't do it alone.",0,Resilience Recognition
Let's manage your stress together.,1,Stress Management
You need to try harder.,0,Stress Management
"We can do this together, as a team.",1,Emotional Cooperation
"Trust me, I know what's best for you.",0,Emotional Cooperation
"I'm here to support you, always.",1,Emotional Awareness
You're not willing to listen.,0,Emotional Cooperation
We're in this together.,1,Supportiveness
"You're on your own, good luck.",0,Supportiveness
"Get over it, it's not that bad.",0,Emotional Awareness
You're doing the best you can.,1,Emotional Support
"You need to try harder, you're not meeting expectations.",0,Emotional Support
"Everything will work out, don't worry.",1,Calmness and Reassurance
"It's not a big deal, relax.",0,Calmness and Reassurance
"You're not good enough, you need to improve.",0,Encouragement Minimization
Let's find a way to make this work.,1,Emotional Understanding
"Do it my way, it's the only way.",0,Emotional Cooperation
"That's tough, but I'm here to support you.",1,Empathy
"You're being too sensitive, toughen up.",0,Empathy
"You're strong and capable, you got this.",1,Resilience Recognition
"Let's manage your stress, it's affecting your health.",1,Stress Management
"You need to try harder, you're not trying your best.",0,Stress Management
"We can do this together, we're a team.",1,Emotional Cooperation
"Trust me, I know what's best for you, don't question it.",0,Emotional Cooperation
"You're overreacting, calm down and think clearly.",0,Emotional Awareness
"Let's work together to find a solution, we can do it.",1,Emotional Understanding
"You're not willing to listen, that's not going to work.",0,Emotional Cooperation
"We've got this, together.",1,Supportiveness
"You're alone, figure it out.",0,Supportiveness
"I feel your pain, literally.",1,Emotional Awareness
"Get over it, it's just a scratch.",0,Emotional Awareness
"You're doing great, keep it up!",1,Emotional Support
"You're not meeting expectations, try harder.",0,Emotional Support
"Everything will be okay, I promise.",1,Calmness and Reassurance
"It's no big deal, don't worry about it.",0,Calmness and Reassurance
"Let's work together, we can do it!",1,Calmness and Reassurance
"You're not good enough, you need to improve now.",0,Encouragement Minimization
"Let's find a solution, together.",1,Emotional Understanding
"Do it my way, or you'll fail.",0,Emotional Cooperation
"That's tough, but I'm here for you, always.",1,Empathy
"You're being too sensitive, toughen up already!",0,Empathy
"You're strong and capable, believe in yourself!",1,Resilience Recognition
"You need help, you can't do it alone, don't try.",0,Resilience Recognition
"Let's manage your stress, before it's too late.",1,Stress Management
"You need to try harder, you're not even trying!",0,Stress Management
"We can do this together, we're a team, remember?",1,Emotional Cooperation
"Trust me, I know what's best for you, don't question it again.",0,Emotional Cooperation
"I'm here to support you, no matter what, always.",1,Emotional Awareness
"You're overreacting, calm down and think clearly, please.",0,Emotional Awareness
"Let's work together to find a solution, we can do it, I know we can!",1,Emotional Understanding
"You're not willing to listen, that's not going to work, ever.",0,Emotional Cooperation
I hear you; that must be really tough.,1,Empathy
Just get over it; it's not that big of a deal.,0,Empathy
I'm here for you; tell me more about what you're going through.,1,Empathy
Why do you always make everything so dramatic?,0,Empathy
It sounds like you're really struggling. How can I help?,1,Empathy
Stop complaining and just deal with it.,0,Empathy
Thank you for sharing that with me. I'm here to support you.,1,Empathy
People have worse problems than you do.,0,Empathy
"Your feelings are valid, and I'm here to listen.",1,Empathy
Nobody else seems to have a problem with this.,0,Empathy
I understand why you feel that way. It makes a lot of sense.,1,Empathy
Just suck it up and move on.,0,Empathy
"We're a team, we can do this!",1,Supportiveness
"You're on your own, good luck with that.",0,Supportiveness
I understand you perfectly.,1,Emotional Awareness
"Get over it, it's not a big deal.",0,Emotional Awareness
"You're amazing, keep going!",1,Emotional Support
"You're not good enough, try harder.",0,Emotional Support
"Everything will be alright, trust me.",1,Calmness and Reassurance
"It's no big deal, don't stress about it.",0,Calmness and Reassurance
"Let's work together, we're stronger together.",1,Calmness and Reassurance
"Let's find a solution, we can do it!",1,Emotional Understanding
"Do it my way, or you'll regret it.",0,Emotional Cooperation
"You need help, you can't do it alone, don't even try.",0,Resilience Recognition
"We're in this together, always.",1,Supportiveness
"You're alone, figure it out yourself.",0,Supportiveness
"We've got this, together, always!",1,Supportiveness
"You're alone, good luck with that, you'll need it.",0,Supportiveness
"I understand you perfectly, without a doubt.",1,Emotional Awareness
"Get over it, it's not a big deal, move on.",0,Emotional Awareness
"You're amazing, keep going, you're doing great!",1,Emotional Support
"You're not good enough, try harder, you can do better.",0,Emotional Support
"Everything will be alright, trust me, I've got your back.",1,Calmness and Reassurance
"It's no big deal, don't stress about it, it's not worth it.",0,Calmness and Reassurance
"Let's work together, we're stronger together, always.",1,Calmness and Reassurance
"You're not good enough, you need to improve now, no excuses.",0,Encouragement Minimization
"Let's find a solution, we can do it, together, as a team!",1,Emotional Understanding
"Do it my way, or you'll regret it, don't say I didn't warn you.",0,Emotional Cooperation
"That's tough, but I'm here for you, always, no matter what.",1,Empathy
"You're being too sensitive, toughen up already, it's not that bad!",0,Empathy
"You're strong and capable, believe in yourself, you got this!",1,Resilience Recognition
"You need help, you can't do it alone, don't even try, you'll fail.",0,Resilience Recognition
"Let's manage your stress, before it's too late, let's do this!",1,Stress Management
"You need to try harder, you're not even trying, that's not good enough!",0,Stress Management
"We can do this together, we're a team, remember, we're in this together!",1,Emotional Cooperation
"Trust me, I know what's best for you, don't question it again, just listen.",0,Emotional Cooperation
"I'm here to support you, no matter what, always, without a doubt.",1,Emotional Awareness
"You're overreacting, calm down and think clearly, please, it's not that bad!",0,Emotional Awareness
"Let's work together to find a solution, we can do it, I know we can, let's do this!",1,Emotional Understanding
"You're not willing to listen, that's not going to work, ever, you need to listen.",0,Emotional Cooperation
"We're a team, we can do this, let's do it!",1,Supportiveness
"You're alone, good luck, you'll need it, bye.",0,Supportiveness
"I understand you, always, without a doubt.",1,Emotional Awareness
"Get over it, it's not a big deal, move on, already.",0,Emotional Awareness
"You're amazing, keep going, you're doing great, keep it up!",1,Emotional Support
"You're not good enough, try harder, you can do better, come on.",0,Emotional Support
"Everything will be alright, trust me, I've got your back, always.",1,Calmness and Reassurance
"It's no big deal, don't stress about it, it's not worth it, relax.",0,Calmness and Reassurance
"Let's work together, we're stronger together, always, united.",1,Calmness and Reassurance
"You're not good enough, you need to improve now, no excuses, period.",0,Encouragement Minimization
"Let's find a solution, we can do it, together, as a team, let's do this!",1,Emotional Understanding
"Do it my way, or you'll regret it, don't say I didn't warn you, listen.",0,Emotional Cooperation
"That's tough, but I'm here for you, always, no matter what, I care.",1,Empathy
"You're being too sensitive, toughen up already, it's not that bad, come on.",0,Empathy
"You're strong and capable, believe in yourself, you got this, go for it!",1,Resilience Recognition
"You need help, you can't do it alone, don't even try, you'll fail, trust me.",0,Resilience Recognition
"Let's manage your stress, before it's too late, let's do this, now!",1,Stress Management
"You need to try harder, you're not even trying, that's not good enough, come on.",0,Stress Management
"We can do this together, we're a team, remember, we're in this together, always.",1,Emotional Cooperation
"Trust me, I know what's best for you, don't question it again, just listen, please.",0,Emotional Cooperation
"I'm here to support you, no matter what, always, without a doubt, I care.",1,Emotional Awareness
"You're overreacting, calm down and think clearly, please, it's not that bad, relax.",0,Emotional Awareness
"Let's work together to find a solution, we can do it, I know we can, let's do this, now!",1,Emotional Understanding
"You're not willing to listen, that's not going to work, ever, you need to listen, come on.",0,Emotional Cooperation
"Believe in yourself, you got this!",1,Confidence Boost
Let's work together to achieve greatness!,1,Teamwork Encouragement
"You're alone in this, good luck.",0,Isolation Warning
"I understand your struggles, let's overcome them together.",1,Empathetic Support
"Get over it, it's just a minor setback.",0,Resilience Test
"Your strength inspires me, keep going!",1,Admiration Boost
"You're not strong enough, you need help.",0,Weakness Alert
"Let's celebrate your successes, you deserve it!",1,Celebratory Support
"Your determination is inspiring, keep pushing!",1,Motivational Support
"You're not cut out for this, give up.",0,Discouragement Warning
Let's work together to create something amazing!,1,Creative Collaboration
"You're on your own, figure it out.",0,Independence Test
"I believe in your potential, let's unlock it!",1,Potential Unleashing
"Your mistakes are holding you back, try harder.",0,Mistake Minimization
"Your passion is contagious, keep sharing it!",1,Passionate Support
"You're not good enough, you need to try harder.",0,Improvement Demand
"Let's celebrate your progress, no matter how small!",1,Progress Celebration
"You're overthinking it, just relax.",0,Calmness Advice
"Your resilience is admirable, keep pushing through!",1,Resilience Support
"Your creativity is a gift, share it with the world!",1,Creative Encouragement
"Your fears are holding you back, face them head-on.",0,Fear Confrontation
"Let's turn your dreams into reality, together!",1,Dream Achievement
"Your excuses are holding you back, take responsibility.",0,Accountability Encouragement
"Your kindness is contagious, keep spreading it!",1,Kindness Support
"Your self-doubt is normal, but don't let it define you.",0,Self-Doubt Awareness
"Your talents are unique, don't compare yourself to others.",1,Uniqueness Celebration
"Your procrastination is holding you back, take action now.",0,Procrastination Warning
"Your positivity is inspiring, keep shining!",1,Positivity Support
"Your mistakes are opportunities for growth, learn from them.",0,Mistake Learning
"Your authenticity is refreshing, don't change for anyone!",1,Authenticity Support
"Your comfort zone is holding you back, take the leap!",0,Comfort Zone Challenge
"Your empathy is a superpower, use it to uplift others!",1,Empathy Encouragement
"Your negative self-talk is toxic, replace it with positivity!",0,Negative Self-Talk Awareness
"Your creativity is a force to be reckoned with, keep innovating!",1,Creative Encouragement
"Your fear of failure is holding you back, take the risk!",0,Fear of Failure Awareness
"Your kindness is a beacon of hope, keep shining!",1,Kindness Support
"Your self-care is essential, prioritize it always!",0,Self-Care Reminder
"Your resilience is a strength, keep pushing through!",1,Resilience Support
"Your dreams are worth fighting for, don't give up!",0,Dream Encouragement
